{
    "paths": {
        "0": [
            "panel/LinkIconSpr",
            0
        ]
    },
    "types": [
        "cc.Prefab"
    ],
    "uuids": [
        "41eopZwPxHZ4viv1Eku0uN"
    ],
    "scenes": {},
    "redirect": [],
    "deps": [],
    "packs": {},
    "name": "resources",
    "importBase": "import",
    "nativeBase": "native",
    "debug": false,
    "isZip": false,
    "encrypted": false,
    "versions": {
        "import": [
            0,
            "3881a"
        ],
        "native": []
    }
}